time,height,speed,v_y,v_x,Ma,Cd_A_rocket,angle_to_vertical,deployment_angle_needed
3.0009999999997805,376.37360557588846,253.958983172265,238.5285180210315,87.1740283833507,0.6944093814035744,0.005121539091364154,0.3503858799893615,0.0
3.0009999999997805,381.32588985978174,257.3005487403211,241.66705115288715,88.32105507260532,0.6944093814035744,0.005121539091364154,0.35038587998936155,0.0
3.0009999999997805,381.528446121103,253.6857618300421,242.0472781777834,75.95775722081045,0.6936959413612473,0.005123589250505785,0.304081262988811,0.0
3.0009999999997805,385.9773866616769,253.4497281049797,245.08683784325873,64.56939362020012,0.69307952514713,0.005125360599549079,0.25760171284180283,0.0
3.0009999999997805,386.278174143675,260.64211430837724,244.80558428474285,89.46808176185993,0.6944093814035744,0.005121539091364154,0.3503858799893615,0.0
3.0009999999997805,386.5485572542754,257.0237323804374,245.2321107853858,76.95720139476849,0.6936959413612473,0.005123589250505785,0.30408126298881105,0.0
3.0009999999997805,389.70657567775294,253.25171753841886,247.63655592919613,53.03365538679366,0.6925623507609527,0.005126846764794557,0.21097240359544722,0.0
3.0009999999997805,391.0560364861727,256.78459294846624,248.3116646569858,65.41899090467643,0.69307952514713,0.005125360599549079,0.25760171284180283,0.0
3.0009999999997805,391.2304584275683,263.98367987643337,247.94411741659852,90.61510845111455,0.6944093814035744,0.005121539091364154,0.35038587998936155,0.0
3.0009999999997805,391.5686683874478,260.3617029308327,248.41694339298823,77.95664556872651,0.6936959413612473,0.005123589250505785,0.304081262988811,0.0
3.0009999999997805,392.7042820668571,253.09243923225108,249.6874035880508,41.37611975510201,0.6921463009960115,0.0051280423358003365,0.16421936001121443,0.0
3.0009999999997805,394.83429377877604,256.58397697971384,250.8949316651066,53.73146664188305,0.6925623507609527,0.005126846764794557,0.21097240359544722,0.0
3.0009999999997805,394.9609953698826,252.9724690126857,251.23204996792182,29.62308470247247,0.6918329050620038,0.0051289429181911985,0.1173693196721509,0.0
3.0009999999997805,396.1346863106684,260.11945779195287,251.53649147071292,66.26858818915275,0.69307952514713,0.005125360599549079,0.25760171284180283,0.0
3.0009999999997805,396.1827427114616,267.3252454444895,251.0826505484542,91.76213514036917,0.6944093814035744,0.005121539091364154,0.35038587998936155,0.0
3.0009999999997805,396.5887795206202,263.699673481228,251.60177600059063,78.95608974268455,0.6936959413612473,0.005123589250505785,0.30408126298881105,0.0
3.0009999999997805,397.87144367299993,256.42260290635966,252.9727641615778,41.92054238345862,0.6921463009960115,0.0051280423358003365,0.16421936001121443,0.0
3.0009999999997805,399.9620118797991,259.9162364210088,254.1533074010171,54.429277896972444,0.6925623507609527,0.005126846764794557,0.21097240359544722,0.0
3.0009999999997805,400.15785057211787,256.3010541312737,254.5377348359208,30.012862132768163,0.6918329050620038,0.0051289429181911985,0.11736931967215092,0.0
3.0009999999997805,401.13502699535485,270.6668110125456,254.22118368030988,92.90916182962378,0.6944093814035744,0.005121539091364154,0.35038587998936155,0.0
3.0009999999997805,401.2133361351642,263.45432263543944,254.76131828444,67.11818547362907,0.69307952514713,0.005125360599549079,0.25760171284180283,0.0
3.0009999999997805,401.6088906537926,267.0376440316233,254.78660860819306,79.9555339166426,0.6936959413612473,0.005123589250505785,0.30408126298881105,0.0
3.0009999999997805,403.0386052791428,259.75276658046823,256.2581247351048,42.464965011815224,0.6921463009960115,0.0051280423358003365,0.16421936001121443,0.0
3.0009999999997805,405.08972998082214,263.2484958623038,257.4116831369276,55.127089152061835,0.6925623507609527,0.005126846764794557,0.21097240359544722,0.0
3.0009999999997805,405.3547057743532,259.62963924986167,257.8434197039198,30.402639563063854,0.6918329050620038,0.0051289429181911985,0.1173693196721509,0.0
3.0009999999997805,406.0873112792481,274.00837658060175,257.3597168121656,94.0561885188784,0.6944093814035744,0.005121539091364154,0.35038587998936155,0.0
3.0009999999997805,406.29198595965994,266.789187478926,257.98614509816707,67.96778275810539,0.69307952514713,0.005125360599549079,0.25760171284180283,0.0
3.0009999999997805,406.62900178696503,270.37561458201856,257.9714412157955,80.95497809060062,0.6936959413612473,0.005123589250505785,0.304081262988811,0.0
3.0009999999997805,408.20576688528564,263.0829302545768,259.5434853086318,43.00938764017183,0.6921463009960115,0.0051280423358003365,0.16421936001121445,0.0
3.0009999999997805,410.21744808184525,266.5807553035988,260.67005887283807,55.824900407151226,0.6925623507609527,0.005126846764794557,0.21097240359544722,0.0
3.0009999999997805,410.55156097658846,262.95822436844963,261.14910457191877,30.792416993359545,0.6918329050620038,0.0051289429181911985,0.1173693196721509,0.0
3.0009999999997805,411.03959556314135,277.3499421486578,260.4982499440212,95.203215208133,0.6944093814035744,0.005121539091364154,0.35038587998936155,0.0
3.0009999999997805,411.3706357841557,270.1240523224126,261.2109719118942,68.8173800425817,0.69307952514713,0.005125360599549079,0.2576017128418028,0.0
3.0009999999997805,411.64911292013744,273.71358513241387,261.1562738233979,81.95442226455866,0.6936959413612473,0.005123589250505785,0.30408126298881105,0.0
3.0009999999997805,413.3729284914285,266.4130939286853,262.82884588215876,43.55381026852844,0.6921463009960115,0.0051280423358003365,0.16421936001121445,0.0
3.0009999999997805,415.3451661828683,269.9130147448938,263.92843460874855,56.52271166224062,0.6925623507609527,0.005126846764794557,0.21097240359544722,0.0
3.0009999999997805,415.7484161788238,266.2868094870376,264.4547894399177,31.182194423655233,0.6918329050620038,0.0051289429181911985,0.1173693196721509,0.0
3.0009999999997805,415.9918798470346,280.69150771671394,263.6367830758769,96.35024189738762,0.6944093814035744,0.005121539091364154,0.3503858799893615,0.0
3.0009999999997805,416.44928560865145,273.45891716589915,264.4357987256213,69.66697732705802,0.69307952514713,0.005125360599549079,0.2576017128418028,0.0
3.0009999999997805,416.6692240533098,277.0515556828091,264.3411064310003,82.95386643851667,0.6936959413612473,0.005123589250505785,0.304081262988811,0.0
3.0009999999997805,418.5400900975714,269.7432576027939,266.11420645568575,44.098232896885044,0.6921463009960115,0.0051280423358003365,0.16421936001121445,0.0
3.0009999999997805,420.4728842838914,273.2452741861888,267.186810344659,57.22052291733001,0.6925623507609527,0.005126846764794557,0.21097240359544722,0.0
3.0009999999997805,420.9441641309279,284.03307328477007,266.7753162077326,97.49726858664224,0.6944093814035744,0.005121539091364154,0.3503858799893615,0.0
3.0009999999997805,420.94527138105906,269.61539460562557,267.7604743079167,31.571971853950924,0.6918329050620038,0.0051289429181911985,0.1173693196721509,0.0
3.0009999999997805,421.52793543314715,276.7937820093857,267.6606255393483,70.51657461153434,0.69307952514713,0.005125360599549079,0.2576017128418029,0.0
3.0009999999997805,421.6893351864822,280.38952623320444,267.5259390386027,83.95331061247471,0.6936959413612473,0.005123589250505785,0.304081262988811,0.0
3.0009999999997805,423.70725170371423,273.0734212769025,269.39956702921273,44.64265552524165,0.6921463009960115,0.0051280423358003365,0.16421936001121445,0.0
3.0009999999997805,425.6006023849144,276.5775336274837,270.44518608056944,57.91833417241939,0.6925623507609527,0.005126846764794557,0.21097240359544725,0.0
3.0009999999997805,425.8964484148212,287.3746388528262,269.91384933958824,98.64429527589685,0.6944093814035744,0.005121539091364154,0.35038587998936155,0.0
3.0009999999997805,426.1421265832944,272.94397972421353,271.0661591759157,31.961749284246615,0.6918329050620038,0.0051289429181911985,0.11736931967215089,0.0
3.0009999999997805,426.6065852576429,280.1286468528723,270.88545235307544,71.36617189601066,0.69307952514713,0.005125360599549079,0.25760171284180283,0.0
3.0009999999997805,426.70944631965466,283.7274967835997,270.7107716462051,84.95275478643273,0.6936959413612473,0.005123589250505785,0.304081262988811,0.0
3.0009999999997805,428.87441330985706,276.403584951011,272.68492760273966,45.18707815359825,0.6921463009960115,0.0051280423358003365,0.16421936001121445,0.007382282541699647
3.0009999999997805,430.72832048593745,279.9097930687787,273.7035618164799,58.61614542750878,0.6925623507609527,0.005126846764794557,0.21097240359544725,0.012942962897785099
3.0009999999997805,430.84873269871446,290.7162044208823,273.05238247144393,99.79132196515147,0.6944093814035744,0.005121539091364154,0.35038587998936155,0.0
3.0009999999997805,431.3389817855296,276.2725648428015,274.3718440439146,32.3515267145423,0.6918329050620038,0.0051289429181911985,0.1173693196721509,0.02828277077664151
3.0009999999997805,431.68523508213866,283.46351169635886,274.1102791668025,72.21576918048697,0.69307952514713,0.005125360599549079,0.25760171284180283,0.011217234511413751
3.0009999999997805,431.72955745282707,287.065467333995,273.8956042538075,85.95219896039077,0.6936959413612473,0.005123589250505785,0.30408126298881105,0.0029720877765284297
3.0009999999997805,434.0415749159999,279.7337486251196,275.97028817626665,45.73150078195486,0.6921463009960115,0.0051280423358003365,0.16421936001121445,0.04036286948124093
3.0009999999997805,435.80101698260773,294.05776998893845,276.19091560329963,100.93834865440608,0.6944093814035744,0.005121539091364154,0.35038587998936155,0.017736652859927725
3.0009999999997805,435.85603858696055,283.24205251007373,276.9619375523904,59.313956682598175,0.6925623507609527,0.005126846764794557,0.21097240359544725,0.045156559443383565
3.0009999999997805,436.5358369877649,279.60114996138947,277.67752891191356,32.74130414483799,0.6918329050620038,0.0051289429181911985,0.1173693196721509,0.061455105314668496
3.0009999999997805,436.7496685859995,290.4034378843903,277.08043686140996,86.95164313434881,0.6936959413612473,0.005123589250505785,0.304081262988811,0.03345995593575554
3.0009999999997805,436.7638849066344,286.79837653984544,277.3351059805296,73.06536646496329,0.69307952514713,0.005125360599549079,0.25760171284180283,0.04266384066306939
3.0009999999997805,439.2087365221428,283.06391229922815,279.25564874979364,46.275923410311464,0.6921463009960115,0.0051280423358003365,0.16421936001121448,0.07295996122381081
3.0009999999997805,440.753301266501,297.3993355569946,279.32944873515527,102.0853753436607,0.6944093814035744,0.005121539091364154,0.3503858799893616,0.0466905402312692
3.0009999999997805,440.9837566879836,286.5743119513687,280.2203132883009,60.011767937687566,0.6925623507609527,0.005126846764794557,0.21097240359544725,0.07717840839049633
3.0009999999997805,441.73269219000025,282.92973507997743,280.98321377991255,33.131081575133685,0.6918329050620038,0.0051289429181911985,0.1173693196721509,0.09443569225420978
3.0009999999997805,441.7697797191719,293.74140843478557,280.26526946901237,87.95108730830684,0.6936959413612473,0.005123589250505785,0.304081262988811,0.06356432889801127
3.0009999999997805,441.8425347311302,290.133241383332,280.55993279425667,73.91496374943961,0.69307952514713,0.005125360599549079,0.25760171284180283,0.07391869921623934
3.0009999999997805,444.37589812828566,286.3940759733367,282.5410093233206,46.82034603866806,0.6921463009960115,0.0051280423358003365,0.16421936001121445,0.10555705296638068
3.0009999999997805,445.7055855503943,300.74090112505064,282.46798186701096,103.2324020329153,0.6944093814035744,0.005121539091364154,0.3503858799893615,0.07545268000412497
3.0009999999997805,446.11147478900665,289.9065713926637,283.47868902421135,60.70957919277696,0.6925623507609527,0.005126846764794557,0.21097240359544725,0.10881676214063767
3.0009999999997805,446.7898908523443,297.0793789851809,283.45010207661477,88.95053148226488,0.6936959413612473,0.005123589250505785,0.30408126298881105,0.09328520666329554
3.0009999999997805,446.92118455562587,293.4681062268186,283.7847596079838,74.76456103391592,0.69307952514713,0.005125360599549079,0.25760171284180283,0.10459831497395217
3.0009999999997805,446.9295473922355,286.2583201985654,284.28889864791154,33.52085900542937,0.6918329050620038,0.0051289429181911985,0.11736931967215089,0.12722453159526537
3.0009999999997805,449.5430597344285,289.7242396474453,285.8263698968476,47.36476866702467,0.6921463009960115,0.0051280423358003365,0.16421936001121445,0.13757890191349342
3.0009999999997805,450.65786983428757,304.08246669310677,285.60651499886666,104.37942872216992,0.6944093814035744,0.005121539091364154,0.3503858799893615,0.10383132458000935
3.0009999999997805,451.23919289002976,293.2388308339587,286.7370647601218,61.40739044786634,0.6925623507609527,0.005126846764794557,0.21097240359544722,0.14007162069380757
3.0009999999997805,451.8100019855167,300.4173495355762,286.63493468421717,89.9499756562229,0.6936959413612473,0.005123589250505785,0.30408126298881105,0.12281433683009414
3.0009999999997805,451.9998343801216,296.80297107030515,287.0095864217109,75.61415831839224,0.69307952514713,0.005125360599549079,0.25760171284180283,0.13508618313317927
3.0009999999997805,452.12640259447085,289.58690531715337,287.59458351591053,33.91063643572507,0.6918329050620038,0.0051289429181911985,0.1173693196721509,0.15982162333783523
3.0009999999997805,454.71022134057137,293.0544033215539,289.11173047037465,47.90919129538128,0.6921463009960115,0.0051280423358003365,0.16421936001121443,0.16960075086060616
3.0009999999997805,455.6101541181808,307.4240322611629,288.74504813072235,105.52645541142454,0.6944093814035744,0.005121539091364154,0.3503858799893615,0.13182647395892227
3.0009999999997805,456.3669109910528,296.57109027525365,289.9954404960323,62.10520170295573,0.6925623507609527,0.005126846764794557,0.21097240359544722,0.17113473164849186
3.0009999999997805,456.8301131186891,303.7553200859715,289.8197672918196,90.94941983018094,0.6936959413612473,0.005123589250505785,0.30408126298881105,0.15195997179992132
3.0009999999997805,457.0784842046174,300.1378359137917,290.23441323543796,76.46375560286856,0.69307952514713,0.005125360599549079,0.25760171284180283,0.16519055609543498
3.0009999999997805,457.3232577967061,292.91549043574133,290.90026838390946,34.300413866020754,0.6918329050620038,0.0051289429181911985,0.1173693196721509,0.19222696748191942
3.0009999999997805,459.8773829467142,296.38456699566245,292.39709104390164,48.45361392373788,0.6921463009960115,0.0051280423358003365,0.16421936001121443,0.20123910461074757
3.0009999999997805,460.562438402074,310.765597829219,291.883581262578,106.67348210067914,0.6944093814035744,0.005121539091364154,0.3503858799893615,0.15962987573934956
3.0009999999997805,461.49462909207585,299.90334971654863,293.2538162319428,62.80301295804512,0.6925623507609527,0.005126846764794557,0.21097240359544722,0.20200609500469036
3.0009999999997805,461.8502242518615,307.09329063636676,293.00459989942203,91.94886400413897,0.6936959413612473,0.005123589250505785,0.304081262988811,0.1809138591712628
3.0009999999997805,462.15713402911314,303.47270075727835,293.45924004916503,77.31335288734488,0.69307952514713,0.005125360599549079,0.25760171284180283,0.19510318145920497
3.0009999999997805,462.52011299894144,296.2440755543293,294.20595325190845,34.69019129631645,0.6918329050620038,0.0051289429181911985,0.1173693196721509,0.22424881642903216
3.0009999999997805,465.0445445528571,299.71473066977103,295.6824516174286,48.99803655209449,0.6921463009960115,0.0051280423358003365,0.16421936001121443,0.2326857107624032
3.0009999999997805,465.5147226859673,314.1071633972751,295.0221143944337,107.82050878993375,0.6944093814035744,0.005121539091364154,0.3503858799893615,0.18724152992129106
3.0009999999997805,466.62234719309896,303.2356091578436,296.51219196785325,63.500824213134514,0.6925623507609527,0.005126846764794557,0.21097240359544722,0.2326857107624032
3.0009999999997805,466.87033538503385,310.431261186762,296.1894325070244,92.948308178097,0.6936959413612473,0.005123589250505785,0.30408126298881105,0.2096759989441186
3.0009999999997805,467.2357838536089,306.8075656007649,296.68406686289217,78.1629501718212,0.69307952514713,0.005125360599549079,0.2576017128418028,0.225015806822975
3.0009999999997805,467.7169682011767,299.5726606729173,297.51163811990745,35.07996872661214,0.6918329050620038,0.0051289429181911985,0.11736931967215089,0.25627066537614496
3.0009999999997805,470.21170615899996,303.0448943438796,298.9678121909556,49.5424591804511,0.6921463009960115,0.0051280423358003365,0.16421936001121443,0.26394056931557314
3.0009999999997805,470.46700696986056,317.4487289653312,298.1606475262893,108.96753547918837,0.6944093814035744,0.005121539091364154,0.35038587998936155,0.21446968890626122
3.0009999999997805,471.750065294122,306.56786859913865,299.77056770376373,64.19863546822391,0.6925623507609527,0.005126846764794557,0.21097240359544725,0.26317357892163035
3.0009999999997805,471.89044651820626,313.7692317371573,299.37426511462684,93.94775235205503,0.6936959413612473,0.005123589250505785,0.304081262988811,0.23805464352000294
3.0009999999997805,472.3144336781046,310.14243044425143,299.9088936766192,79.01254745629751,0.69307952514713,0.005125360599549079,0.2576017128418029,0.2545449369897736
3.0009999999997805,472.91382340341204,302.9012457915053,300.8173229879064,35.46974615690783,0.6918329050620038,0.0051289429181911985,0.11736931967215092,0.28810076672477203
3.0009999999997805,475.3788677651428,306.3750580179882,302.2531727644826,50.0868818088077,0.6921463009960115,0.0051280423358003365,0.16421936001121443,0.29519542786874303
3.0009999999997805,475.41929125375384,320.79029453338734,301.299180658145,110.11456216844299,0.6944093814035744,0.005121539091364154,0.3503858799893615,0.24169784789123133
3.0009999999997805,476.877783395145,309.9001280404336,303.0289434396742,64.89644672331329,0.6925623507609527,0.005126846764794557,0.21097240359544722,0.29366144708085745
3.0009999999997805,476.9105576513787,317.10720228755264,302.55909772222924,94.94719652601306,0.6936959413612473,0.005123589250505785,0.304081262988811,0.2664332880958873
3.0009999999997805,477.39308350260035,313.477295287738,303.13372049034626,79.86214474077383,0.69307952514713,0.005125360599549079,0.2576017128418029,0.28388231955808646
3.0009999999997805,478.11067860564737,306.22983091009326,304.12300785590537,35.85952358720352,0.6918329050620038,0.0051289429181911985,0.1173693196721509,0.3197391204749133
3.0009999999997805,480.3715755376471,324.13186010144346,304.4377137900007,111.2615888576976,0.6944093814035744,0.005121539091364154,0.3503858799893615,0.26854251167923004
3.0009999999997805,480.5460293712856,309.7052216920967,305.53853333800953,50.6313044371643,0.6921463009960115,0.0051280423358003365,0.16421936001121445,0.3262585388234273
3.0009999999997805,481.93066878455113,320.4451728379479,305.74393032983164,95.9466406999711,0.6936959413612473,0.005123589250505785,0.30408126298881105,0.29442843747480024
3.0009999999997805,482.0055014961681,313.23238748172855,306.2873191755847,65.59425797840268,0.6925623507609527,0.005126846764794557,0.21097240359544722,0.32395756764159883
3.0009999999997805,482.4717333270961,316.8121601312246,306.3585473040734,80.71174202525015,0.69307952514713,0.005125360599549079,0.25760171284180283,0.3132197021263994
3.0009999999997805,483.3075338078826,309.55841602868117,307.4286927239043,36.24930101749921,0.6918329050620038,0.0051289429181911985,0.1173693196721509,0.3513774742250547
3.0009999999997805,485.3238598215404,327.4734256694996,307.5762469218564,112.40861554695222,0.6944093814035744,0.005121539091364154,0.3503858799893615,0.29519542786874303
3.0009999999997805,485.71319097742844,313.0353853662053,308.8238939115365,51.17572706552091,0.6921463009960115,0.0051280423358003365,0.16421936001121445,0.35732164977811154
3.0009999999997805,486.95077991772354,323.7831433883432,308.92876293743404,96.94608487392912,0.6936959413612473,0.005123589250505785,0.30408126298881105,0.3224235868537132
3.0009999999997805,487.13321959719116,316.56464692302353,309.54569491149516,66.29206923349207,0.6925623507609527,0.005126846764794557,0.21097240359544722,0.3540619406038546
3.0009999999997805,487.55038315159186,320.1470249747112,309.5833741178005,81.56133930972646,0.69307952514713,0.005125360599549079,0.25760171284180283,0.3423653370962265
3.0009999999997805,488.5043890101179,312.88700114726913,310.7343775919033,36.639078447794894,0.6918329050620038,0.0051289429181911985,0.11736931967215089,0.383015827975196
3.0009999999997805,490.2761441054337,330.8149912375557,310.71478005371205,113.55564223620684,0.6944093814035744,0.005121539091364154,0.35038587998936155,0.32184834405825613
3.0009999999997805,490.8803525835713,316.36554904031385,312.1092544850635,51.72014969387752,0.6921463009960115,0.0051280423358003365,0.16421936001121445,0.3881930131343101
3.0009999999997805,491.97089105089594,327.1211139387385,312.1135955450365,97.94552904788716,0.6936959413612473,0.005123589250505785,0.304081262988811,0.35041873623262615
3.0009999999997805,492.26093769821426,319.8969063643185,312.80407064740564,66.98988048858146,0.6925623507609527,0.005126846764794557,0.21097240359544722,0.38416631356611025
3.0009999999997805,492.6290329760876,323.48188981819777,312.80820093152755,82.41093659420278,0.69307952514713,0.005125360599549079,0.25760171284180283,0.371319224467568
3.0009999999997805,493.7012442123532,316.2155862658571,314.04006245990223,37.02885587809059,0.6918329050620038,0.0051289429181911985,0.11736931967215092,0.4146541817253374
3.0009999999997805,495.22842838932695,334.15655680561184,313.85331318556774,114.70266892546145,0.6944093814035744,0.005121539091364154,0.35038587998936155,0.34830951264928345
3.0009999999997805,496.0475141897142,319.69571271442237,315.3946150585905,52.264572322234116,0.6921463009960115,0.0051280423358003365,0.16421936001121443,0.4190643764905086
3.0009999999997805,496.99100218406835,330.4590844891338,315.2984281526389,98.94497322184519,0.6936959413612473,0.005123589250505785,0.304081262988811,0.3782221380130534
3.0009999999997805,497.3886557992373,323.22916580561355,316.0624463833161,67.68769174367085,0.6925623507609527,0.005126846764794557,0.21097240359544722,0.414270686528366
3.0009999999997805,497.70768280058337,326.81675466168434,316.0330277452546,83.2605338786791,0.69307952514713,0.005125360599549079,0.2576017128418029,0.4004648594373952
3.0009999999997805,498.8980994145885,319.5441713844451,317.3457473279012,37.418633308386276,0.6918329050620038,0.0051289429181911985,0.1173693196721509,0.44629253547547876
3.0009999999997805,500.1807126732202,337.49812237366797,316.99184631742344,115.84969561471607,0.6944093814035744,0.005121539091364154,0.3503858799893615,0.37438718604333926
3.0009999999997805,501.21467579585703,323.02587638853095,318.6799756321175,52.80899495059072,0.6921463009960115,0.0051280423358003365,0.16421936001121443,0.4501274874451929
3.0009999999997805,502.01111331724076,333.7970550395291,318.4832607602413,99.94441739580323,0.6936959413612473,0.005123589250505785,0.30408126298881105,0.405833792194995
3.0009999999997805,502.51637390026036,326.5614252469085,319.3208221192266,68.38550299876024,0.6925623507609527,0.005126846764794557,0.21097240359544722,0.44437505949062167
3.0009999999997805,502.7863326250791,330.1516195051709,319.25785455898176,84.11013116315542,0.69307952514713,0.005125360599549079,0.25760171284180283,0.4296104944072224
3.0009999999997805,504.09495461682377,322.8727565030331,320.6514321959002,37.80841073868197,0.6918329050620038,0.0051289429181911985,0.1173693196721509,0.4781226368241058
3.0009999999997805,505.1329969571135,340.8396879417241,320.1303794492791,116.99672230397069,0.6944093814035744,0.005121539091364154,0.35038587998936155,0.4004648594373952
3.0009999999997805,506.3818374019999,326.3560400626395,321.96533620564446,53.35341757894733,0.6921463009960115,0.0051280423358003365,0.16421936001121443,0.48119059839987705
3.0009999999997805,507.03122445041316,337.1350255899244,321.6680933678437,100.94386156976127,0.6936959413612473,0.005123589250505785,0.30408126298881105,0.43344544637693644
3.0009999999997805,507.64409200128347,329.8936846882035,322.57919785513707,69.08331425384964,0.6925623507609527,0.005126846764794557,0.21097240359544722,0.47467118005136305
3.0009999999997805,507.8649824495749,333.4864843486575,322.48268137270884,84.95972844763173,0.69307952514713,0.005125360599549079,0.25760171284180283,0.4583726341800782
3.0009999999997805,509.2918098190591,326.20134162162105,323.9571170638992,38.19818816897766,0.6918329050620038,0.0051289429181911985,0.11736931967215089,0.5099527381727329
3.0009999999997805,510.0852812410068,344.1812535097802,323.26891258113477,118.1437489932253,0.6944093814035744,0.005121539091364154,0.35038587998936155,0.4263507852329654
3.0009999999997805,511.54899900814274,329.6862037367481,325.25069677917145,53.897840207303936,0.6921463009960115,0.0051280423358003365,0.16421936001121443,0.512445456953047
3.0009999999997805,512.0513355835856,340.47299614031965,324.8529259754461,101.94330574371929,0.6936959413612473,0.005123589250505785,0.30408126298881105,0.46086535296039227
3.0009999999997805,512.7718101023065,333.2259441294985,325.83757359104754,69.78112550893903,0.6925623507609527,0.005126846764794557,0.21097240359544722,0.5047755530136189
3.0009999999997805,512.9436322740706,336.82134919214405,325.7075081864359,85.80932573210805,0.69307952514713,0.005125360599549079,0.25760171284180283,0.48732652155141964
3.0009999999997805,514.4886650212944,329.529926740209,327.26280193189814,38.58796559927335,0.6918329050620038,0.0051289429181911985,0.11736931967215092,0.5421663347183312
3.0009999999997805,515.0375655249001,347.52281907783635,326.40744571299047,119.29077568247992,0.6944093814035744,0.005121539091364154,0.35038587998936155,0.4520449634300499
3.0009999999997805,516.7161606142856,333.0163674108567,328.53605735269844,54.44226283566054,0.6921463009960115,0.0051280423358003365,0.16421936001121445,0.5438920631047026
3.0009999999997805,517.071446716758,343.81096669071496,328.03775858304857,102.94274991767733,0.6936959413612473,0.005123589250505785,0.30408126298881105,0.48828525954384816
3.0009999999997805,517.8995282033296,336.55820357079347,329.095949326958,70.47893676402842,0.6925623507609527,0.005126846764794557,0.21097240359544722,0.5350716735743601
3.0009999999997805,518.0222820985664,340.1562140356306,328.93233500016305,86.65892301658437,0.69307952514713,0.005125360599549079,0.25760171284180283,0.5162804089227611
3.0009999999997805,519.6855202235297,332.858511858797,330.56848679989713,38.97774302956904,0.6918329050620038,0.0051289429181911985,0.1173693196721509,0.5743799312639297
3.0009999999997805,519.9898498087933,350.86438464589247,329.54597884484616,120.43780237173453,0.6944093814035744,0.005121539091364154,0.3503858799893615,0.47793088922562005
3.0009999999997805,521.8833222204285,336.34653108496525,331.8214179262254,54.98668546401715,0.6921463009960115,0.0051280423358003365,0.16421936001121445,0.5751469216578726
3.0009999999997805,522.0915578499304,347.1489372411103,331.222591190651,103.94219409163536,0.6936959413612473,0.005123589250505785,0.304081262988811,0.515705166127304
3.0009999999997805,523.0272463043526,339.89046301208845,332.3543250628685,71.17674801911781,0.6925623507609527,0.005126846764794557,0.21097240359544722,0.5653677941351016
3.0009999999997805,523.1009319230621,343.4910788791172,332.1571618138901,87.50852030106068,0.69307952514713,0.005125360599549079,0.25760171284180283,0.5452342962941026
3.0009999999997805,524.882375425765,336.18709697738495,333.8741716678961,39.36752045986473,0.6918329050620038,0.0051289429181911985,0.11736931967215089,0.6067852754080139
3.0009999999997805,524.9421340926866,354.2059502139486,332.6845119767018,121.58482906098915,0.6944093814035744,0.005121539091364154,0.35038587998936155,0.5034333198242189
3.0009999999997805,527.0504838265714,339.6766947590738,335.1067784997524,55.531108092373756,0.6921463009960115,0.0051280423358003365,0.16421936001121445,0.6067852754080139
3.0009999999997805,527.1116689831028,350.48690779150553,334.4074237982534,104.9416382655934,0.6936959413612473,0.005123589250505785,0.30408126298881105,0.5431250727107597
3.0009999999997805,528.1549644053757,343.2227224533834,335.612700798779,71.8745592742072,0.6925623507609527,0.005126846764794557,0.21097240359544722,0.5958556622943287
3.0009999999997805,528.1795817475579,346.82594372260377,335.3819886276172,88.358117585537,0.69307952514713,0.005125360599549079,0.25760171284180283,0.5743799312639297
3.0009999999997805,529.8944183765799,357.54751578200467,335.8230451085575,122.73185575024377,0.6944093814035744,0.005121539091364154,0.35038587998936155,0.5291274980213032
3.0009999999997805,530.0792306280003,339.5156820959729,337.17985653589506,39.75729789016042,0.6918329050620038,0.0051289429181911985,0.11736931967215092,0.6395741147490694
3.0009999999997805,532.1317801162752,353.82487834190084,337.5922564058558,105.94108243955142,0.6936959413612473,0.005123589250505785,0.30408126298881105,0.5705449792942157
3.0009999999997805,532.2176454327142,343.0068584331824,338.3921390732794,56.07553072073036,0.6921463009960115,0.0051280423358003365,0.16421936001121445,0.638615376756641
3.0009999999997805,533.2582315720537,350.1608085660904,338.6068154413443,89.20771487001332,0.69307952514713,0.005125360599549079,0.25760171284180283,0.6035255662337569
3.0009999999997805,533.2826825063988,346.55498189467846,338.87107653468945,72.57237052929659,0.6925623507609527,0.005126846764794557,0.21097240359544722,0.6265352780520417
3.0009999999997805,534.8467026604732,360.8890813500608,338.9615782404132,123.87888243949838,0.6944093814035744,0.005121539091364154,0.35038587998936155,0.5546299286199021
3.0009999999997805,535.2760858302356,342.8442672145609,340.48554140389405,40.14707532045611,0.6918329050620038,0.0051289429181911985,0.1173693196721509,0.6725547016886106
3.0009999999997805,537.1518912494477,357.16284889229615,340.77708901345824,106.94052661350946,0.6936959413612473,0.005123589250505785,0.304081262988811,0.5981566334761572
3.0009999999997805,537.384807038857,346.337022107291,341.6774996468064,56.61995334908697,0.6921463009960115,0.0051280423358003365,0.16421936001121445,0.6708289733022395
3.0009999999997805,538.3368813965494,353.49567340957697,341.8316422550714,90.05731215448964,0.69307952514713,0.005125360599549079,0.2576017128418028,0.6326712012035842
3.0009999999997805,538.4104006074218,349.88724133597344,342.1294522705999,73.27018178438598,0.6925623507609527,0.005126846764794557,0.21097240359544722,0.65740664140824
3.0009999999997805,539.7989869443664,364.2306469181169,342.1001113722689,125.02590912875299,0.6944093814035744,0.005121539091364154,0.3503858799893615,0.5805158544154723
3.0009999999997805,540.4729410324709,346.17285233314885,343.79122627189304,40.536852750751805,0.6918329050620038,0.0051289429181911985,0.1173693196721509,0.7061105314236092
3.0009999999997805,542.17200238262,360.5008194426914,343.96192162106064,107.93997078746749,0.6936959413612473,0.005123589250505785,0.304081262988811,0.6257682876580988
3.0009999999997805,542.551968645,349.6671857813995,344.96286022033337,57.16437597744357,0.6921463009960115,0.0051280423358003365,0.16421936001121443,0.7034260650448094
3.0009999999997805,543.4155312210452,356.83053825306354,345.0564690687985,90.90690943896595,0.69307952514713,0.005125360599549079,0.25760171284180283,0.6622003313703827
3.0009999999997805,543.5381187084449,353.2195007772684,345.3878280065104,73.96799303947537,0.6925623507609527,0.005126846764794557,0.21097240359544722,0.6884697523629244
3.0009999999997805,544.7512712282597,367.57221248617304,345.2386445041245,126.1729358180076,0.6944093814035744,0.005121539091364154,0.35038587998936155,0.6065935278095282
3.0009999999997805,545.6697962347062,349.5014374517369,347.09691113989203,40.92663018104749,0.6918329050620038,0.0051289429181911985,0.11736931967215089,0.7400498563555789
3.0009999999997805,547.1921135157925,363.8387899930867,347.14675422866304,108.93941496142553,0.6936959413612473,0.005123589250505785,0.30408126298881105,0.653571689438526
3.0009999999997805,547.7191302511428,352.9973494555081,348.24822079386036,57.708798605800176,0.6921463009960115,0.0051280423358003365,0.16421936001121443,0.7364066519843506
3.0009999999997805,548.4941810455409,360.1654030965501,348.28129588252557,91.75650672344227,0.69307952514713,0.005125360599549079,0.25760171284180283,0.6921129567341527
3.0009999999997805,548.665836809468,356.5517602185634,348.6462037424209,74.66580429456477,0.6925623507609527,0.005126846764794557,0.21097240359544725,0.7201081061130656
3.0009999999997805,549.703555512153,370.91377805422917,348.3771776359802,127.31996250726222,0.6944093814035744,0.005121539091364154,0.3503858799893615,0.6330546964005556
3.0009999999997805,550.8666514369415,352.83002257032484,350.40259600789096,41.31640761134319,0.6918329050620038,0.0051289429181911985,0.11736931967215092,0.7745644240830059
3.0009999999997805,552.2122246489648,367.17676054348203,350.33158683626544,109.93885913538357,0.6936959413612473,0.005123589250505785,0.30408126298881105,0.6819503340144104
3.0009999999997805,552.8862918572856,356.32751312961665,351.53358136738734,58.25322123415678,0.6921463009960115,0.0051280423358003365,0.16421936001121443,0.7699624817193491
3.0009999999997805,553.5728308700367,363.5002679400367,351.50612269625265,92.60610400791859,0.69307952514713,0.005125360599549079,0.25760171284180283,0.7222173296964085
3.0009999999997805,553.793554910491,359.8840196598584,351.90457947833136,75.36361554965416,0.6925623507609527,0.005126846764794557,0.21097240359544725,0.7521299550601783
3.0009999999997805,554.6558397960463,374.2553436222853,351.5157107678359,128.46698919651683,0.6944093814035744,0.005121539091364154,0.3503858799893615,0.6600911077870399
3.0009999999997805,556.0635066391768,356.1586076889128,353.70828087588995,41.706185041638875,0.6918329050620038,0.0051289429181911985,0.1173693196721509,0.7853981633974483
3.0009999999997805,557.2323357821373,370.51473109387734,353.5164194438679,110.93830330934159,0.6936959413612473,0.005123589250505785,0.304081262988811,0.7109042213857519
3.0009999999997805,558.0534534634285,359.6576768037252,354.8189419409143,58.79764386251339,0.6921463009960115,0.0051280423358003365,0.16421936001121445,0.7853981633974483
3.0009999999997805,558.6514806945324,366.83513278352325,354.7309495099798,93.45570129239492,0.69307952514713,0.005125360599549079,0.25760171284180283,0.7530886930526068
3.0009999999997805,558.9212730115141,363.21627910115336,355.16295521424183,76.06142680474355,0.6925623507609527,0.005126846764794557,0.21097240359544725,0.7847270468027483
3.0009999999997805,559.6081240799394,377.59690919034136,354.6542438996915,129.61401588577144,0.6944093814035744,0.005121539091364154,0.35038587998936155,0.6875110143704958
3.0009999999997805,561.2603618414121,359.4871928075008,357.01396574388895,42.09596247193457,0.6918329050620038,0.0051289429181911985,0.1173693196721509,0.7853981633974483
3.0009999999997805,562.2524469153097,373.8527016442726,356.7012520514703,111.93774748329963,0.6936959413612473,0.005123589250505785,0.30408126298881105,0.7406250991510361
3.0009999999997805,563.2206150695714,362.9878404778338,358.1043025144413,59.342066490869996,0.6921463009960115,0.0051280423358003365,0.16421936001121445,0.7853981633974483
3.0009999999997805,563.7301305190282,370.1699976270098,357.95577632370686,94.30529857687124,0.69307952514713,0.005125360599549079,0.25760171284180283,0.784918794401234
3.0009999999997805,564.0489911125372,366.54853854244834,358.4213309501523,76.75923805983294,0.6925623507609527,0.005126846764794557,0.21097240359544725,0.7853981633974483
3.0009999999997805,564.5604083638328,380.93847475839755,357.79277703154725,130.76104257502607,0.6944093814035744,0.005121539091364154,0.35038587998936155,0.7156979113478945
3.0009999999997805,566.4572170436475,362.81577792608874,360.3196506118879,42.48573990223026,0.6918329050620038,0.0051289429181911985,0.1173693196721509,0.7853981633974483
3.0009999999997805,567.272558048482,377.19067219466785,359.88608465907265,112.93719165725764,0.6936959413612473,0.005123589250505785,0.30408126298881105,0.7711129673102632
3.0009999999997805,568.3877766757142,366.3180041519424,361.3896630879683,59.8864891192266,0.6921463009960115,0.0051280423358003365,0.16421936001121445,0.7853981633974483
3.0009999999997805,568.808780343524,373.5048624704964,361.18060313743393,95.15489586134755,0.69307952514713,0.005125360599549079,0.25760171284180283,0.7853981633974483
3.0009999999997805,569.1767092135602,369.8807979837434,361.6797066860628,77.45704931492233,0.6925623507609527,0.005126846764794557,0.21097240359544725,0.7853981633974483
3.0009999999997805,569.512692647726,384.2800403264536,360.9313101634029,131.90806926428067,0.6944093814035744,0.005121539091364154,0.35038587998936155,0.7442683035222644
3.0009999999997805,571.6540722458827,366.1443630446767,363.62533547988687,42.875517332525945,0.6918329050620038,0.0051289429181911985,0.11736931967215089,0.7853981633974483
3.0009999999997805,572.2926691816546,380.5286427450632,363.0709172666751,113.9366358312157,0.6936959413612473,0.005123589250505785,0.30408126298881105,0.7853981633974483
3.0009999999997805,573.5549382818571,369.64816782605095,364.6750236614953,60.43091174758321,0.6921463009960115,0.0051280423358003365,0.16421936001121445,0.7853981633974483
3.0009999999997805,573.8874301680196,376.8397273139829,364.40542995116095,96.00449314582384,0.69307952514713,0.005125360599549079,0.25760171284180283,0.7853981633974483
3.0009999999997805,574.3044273145833,373.21305742503836,364.93808242197326,78.15486057001172,0.6925623507609527,0.005126846764794557,0.21097240359544725,0.7853981633974483
3.0009999999997805,574.4649769316193,387.6216058945097,364.0698432952586,133.05509595353527,0.6944093814035744,0.005121539091364154,0.3503858799893615,0.7737974336890632
3.0009999999997805,576.850927448118,369.4729481632647,366.93102034788586,43.26529476282164,0.6918329050620038,0.0051289429181911985,0.1173693196721509,0.7853981633974483
3.0009999999997805,577.3127803148268,383.8666132954584,366.25574987427746,114.93608000517371,0.6936959413612473,0.005123589250505785,0.30408126298881105,0.7853981633974483
3.0009999999997805,578.722099888,372.9783315001595,367.9603842350223,60.975334375939816,0.6921463009960115,0.0051280423358003365,0.16421936001121445,0.7853981633974483
3.0009999999997805,578.9660799925155,380.1745921574696,367.63025676488814,96.85409043030019,0.69307952514713,0.005125360599549079,0.25760171284180283,0.7853981633974483
3.0009999999997805,579.4172612155126,390.9631714625658,367.2083764271142,134.2021226427899,0.6944093814035744,0.005121539091364154,0.35038587998936155,0.7853981633974483
3.0009999999997805,579.4321454156063,376.5453168663333,368.1964581578837,78.8526718251011,0.6925623507609527,0.005126846764794557,0.21097240359544725,0.7853981633974483
3.0009999999997805,582.0477826503533,372.80153328185264,370.2367052158848,43.65507219311733,0.6918329050620038,0.0051289429181911985,0.1173693196721509,0.7853981633974483
3.0009999999997805,582.3328914479993,387.20458384585373,369.4405824818799,115.93552417913173,0.6936959413612473,0.005123589250505785,0.304081262988811,0.7853981633974483
3.0009999999997805,583.8892614941427,376.308495174268,371.2457448085492,61.51975700429641,0.6921463009960115,0.0051280423358003365,0.16421936001121445,0.7853981633974483
3.0009999999997805,584.0447298170111,383.5094570009561,370.8550835786151,97.70368771477648,0.69307952514713,0.005125360599549079,0.25760171284180283,0.7853981633974483
3.0009999999997805,584.3695454994057,394.30473703062194,370.3469095589699,135.3491493320445,0.6944093814035744,0.005121539091364154,0.35038587998936155,0.7853981633974483
3.0009999999997805,584.5598635166295,379.8775763076283,371.4548338937942,79.5504830801905,0.6925623507609527,0.005126846764794557,0.21097240359544725,0.7853981633974483
3.0009999999997805,587.2446378525885,376.13011840044055,373.54239008388373,44.044849623413015,0.6918329050620038,0.0051289429181911985,0.1173693196721509,0.7853981633974483
3.0009999999997805,587.3530025811716,390.542554396249,372.6254150894823,116.93496835308977,0.6936959413612473,0.005123589250505785,0.30408126298881105,0.7853981633974483
3.0009999999997805,589.0564231002857,379.6386588483766,374.53110538207625,62.06417963265302,0.6921463009960115,0.0051280423358003365,0.16421936001121443,0.7853981633974483
3.0009999999997805,589.1233796415069,386.8443218444427,374.07991039234224,98.55328499925281,0.69307952514713,0.005125360599549079,0.25760171284180283,0.7853981633974483
3.0009999999997805,589.321829783299,397.64630259867806,373.4854426908256,136.49617602129914,0.6944093814035744,0.005121539091364154,0.35038587998936155,0.7853981633974483
3.0009999999997805,589.6875816176524,383.20983574892324,374.71320962970464,80.24829433527988,0.6925623507609527,0.005126846764794557,0.21097240359544725,0.7853981633974483
3.0009999999997805,592.3731137143441,393.8805249466443,375.8102476970847,117.9344125270478,0.6936959413612473,0.005123589250505785,0.304081262988811,0.7853981633974483
3.0009999999997805,592.4414930548239,379.45870351902863,376.8480749518828,44.43462705370871,0.6918329050620038,0.0051289429181911985,0.11736931967215089,0.7853981633974483
3.0009999999997805,594.2020294660026,390.17918668792925,377.3047372060693,99.40288228372913,0.69307952514713,0.005125360599549079,0.25760171284180283,0.7853981633974483
3.0009999999997805,594.2235847064284,382.96882252248514,377.8164659556032,62.60860226100962,0.6921463009960115,0.0051280423358003365,0.16421936001121445,0.7853981633974483
3.0009999999997805,594.2741140671923,400.9878681667342,376.6239758226813,137.64320271055374,0.6944093814035744,0.005121539091364154,0.3503858799893615,0.7853981633974483
3.0009999999997805,594.8152997186755,386.5420951902182,377.9715853656151,80.94610559036927,0.6925623507609527,0.005126846764794557,0.21097240359544725,0.7853981633974483
3.0009999999997805,597.3932248475164,397.2184954970396,378.9950803046871,118.93385670100584,0.6936959413612473,0.005123589250505785,0.30408126298881105,0.7853981633974483
3.0009999999997805,597.6383482570591,382.7872886376165,380.15375981988166,44.8244044840044,0.6918329050620038,0.0051289429181911985,0.11736931967215092,0.7853981633974483
3.0009999999997805,599.2263983510855,404.3294337347903,379.76250895453694,138.79022939980834,0.6944093814035744,0.005121539091364154,0.3503858799893615,0.7853981633974483
3.0009999999997805,599.2806792904984,393.5140515314158,380.5295640197964,100.25247956820544,0.69307952514713,0.005125360599549079,0.25760171284180283,0.7853981633974483
3.0009999999997805,599.3907463125713,386.2989861965937,381.10182652913016,63.15302488936623,0.6921463009960115,0.0051280423358003365,0.16421936001121445,0.7853981633974483
3.0009999999997805,599.9430178196986,389.8743546315132,381.2299611015256,81.64391684545866,0.6925623507609527,0.005126846764794557,0.21097240359544725,0.7853981633974483
3.0009999999997805,602.4133359806889,400.55646604743487,382.1799129122896,119.93330087496386,0.6936959413612473,0.005123589250505785,0.304081262988811,0.7853981633974483
3.0009999999997805,602.8352034592943,386.11587375620445,383.45944468788065,45.214181914300084,0.6918329050620038,0.0051289429181911985,0.1173693196721509,0.7853981633974483
3.0009999999997805,604.1786826349788,407.67099930284644,382.90104208639264,139.93725608906297,0.6944093814035744,0.005121539091364154,0.35038587998936155,0.7853981633974483
3.0009999999997805,604.3593291149941,396.8489163749024,383.7543908335235,101.10207685268176,0.69307952514713,0.005125360599549079,0.2576017128418029,0.7853981633974483
3.0009999999997805,604.5579079187141,389.6291498707023,384.38718710265715,63.69744751772283,0.6921463009960115,0.0051280423358003365,0.16421936001121443,0.7853981633974483
3.0009999999997805,605.0707359207216,393.2066140728082,384.48833683743607,82.34172810054805,0.6925623507609527,0.005126846764794557,0.21097240359544725,0.7853981633974483
3.0009999999997805,607.4334471138613,403.8944365978302,385.364745519892,120.9327450489219,0.6936959413612473,0.005123589250505785,0.304081262988811,0.7853981633974483
3.0009999999997805,608.0320586615297,389.4444588747925,386.76512955587964,45.60395934459577,0.6918329050620038,0.0051289429181911985,0.11736931967215089,0.7853981633974483
3.0009999999997805,609.1309669188721,411.01256487090257,386.03957521824833,141.08428277831757,0.6944093814035744,0.005121539091364154,0.3503858799893615,0.7853981633974483
3.0009999999997805,609.4379789394899,400.18378121838896,386.9792176472506,101.95167413715808,0.69307952514713,0.005125360599549079,0.25760171284180283,0.7853981633974483
3.0009999999997805,609.725069524857,392.95931354481087,387.67254767618414,64.24187014607944,0.6921463009960115,0.0051280423358003365,0.16421936001121443,0.7853981633974483
3.0009999999997805,610.1984540217447,396.53887351410316,387.74671257334654,83.03953935563744,0.6925623507609527,0.005126846764794557,0.21097240359544725,0.7853981633974483
3.0009999999997805,612.4535582470337,407.2324071482255,388.5495781274944,121.93218922287994,0.6936959413612473,0.005123589250505785,0.30408126298881105,0.7853981633974483
3.0009999999997805,613.228913863765,392.77304399338044,390.0708144238786,45.99373677489147,0.6918329050620038,0.0051289429181911985,0.11736931967215092,0.7853981633974483
3.0009999999997805,614.0832512027654,414.3541304389587,389.178108350104,142.2313094675722,0.6944093814035744,0.005121539091364154,0.3503858799893615,0.7853981633974483
3.0009999999997805,614.5166287639856,403.51864606187553,390.2040444609777,102.8012714216344,0.69307952514713,0.005125360599549079,0.25760171284180283,0.7853981633974483
3.0009999999997805,614.8922311309999,396.28947721891944,390.9579082497111,64.78629277443605,0.6921463009960115,0.0051280423358003365,0.16421936001121445,0.7853981633974483
3.0009999999997805,615.3261721227678,399.8711329553982,391.005088309257,83.73735061072684,0.6925623507609527,0.005126846764794557,0.21097240359544725,0.7853981633974483
3.0009999999997805,617.4736693802062,410.57037769862075,391.7344107350968,122.93163339683797,0.6936959413612473,0.005123589250505785,0.30408126298881105,0.7853981633974483
3.0009999999997805,618.4257690660003,396.1016291119684,393.37649929187756,46.383514205187154,0.6918329050620038,0.0051289429181911985,0.1173693196721509,0.7853981633974483
3.0009999999997805,619.5952785884814,406.8535109053621,393.42887127470476,103.65086870611071,0.69307952514713,0.005125360599549079,0.25760171284180283,0.7853981633974483
3.0009999999997805,620.0593927371427,399.619640893028,394.2432688232381,65.33071540279265,0.6921463009960115,0.0051280423358003365,0.16421936001121443,0.7853981633974483
3.0009999999997805,620.4538902237908,403.2033923966932,394.2634640451675,84.43516186581623,0.6925623507609527,0.005126846764794557,0.21097240359544725,0.7853981633974483
3.0009999999997805,622.4937805133785,413.90834824901606,394.91924334269925,123.931077570796,0.6936959413612473,0.005123589250505785,0.304081262988811,0.7853981633974483
3.0009999999997805,623.6226242682357,399.4302142305564,396.68218415987656,46.77329163548285,0.6918329050620038,0.0051289429181911985,0.1173693196721509,0.7853981633974483
3.0009999999997805,624.6739284129771,410.1883757488487,396.65369808843184,104.50046599058703,0.69307952514713,0.005125360599549079,0.25760171284180283,0.7853981633974483
3.0009999999997805,625.2265543432856,402.94980456713654,397.5286293967651,65.87513803114925,0.6921463009960115,0.0051280423358003365,0.16421936001121443,0.7853981633974483
3.0009999999997805,625.5816083248139,406.53565183798815,397.521839781078,85.13297312090562,0.6925623507609527,0.005126846764794557,0.21097240359544725,0.7853981633974483
3.0009999999997805,628.8194794704709,402.75879934914434,399.9878690278755,47.16306906577854,0.6918329050620038,0.0051289429181911985,0.1173693196721509,0.7853981633974483
3.0009999999997805,629.7525782374729,413.5232405923353,399.878524902159,105.35006327506335,0.69307952514713,0.005125360599549079,0.25760171284180283,0.7853981633974483
3.0009999999997805,630.3937159494285,406.2799682412451,400.8139899702921,66.41956065950586,0.6921463009960115,0.0051280423358003365,0.16421936001121445,0.7853981633974483
3.0009999999997805,630.709326425837,409.86791127928313,400.78021551698845,85.83078437599501,0.6925623507609527,0.005126846764794557,0.21097240359544725,0.7853981633974483
3.0009999999997805,634.0163346727062,406.0873844677323,403.2935538958745,47.55284649607423,0.6918329050620038,0.0051289429181911985,0.11736931967215092,0.7853981633974483
3.0009999999997805,635.5608775555713,409.6101319153537,404.09935054381907,66.96398328786246,0.6921463009960115,0.0051280423358003365,0.16421936001121443,0.7853981633974483
3.0009999999997805,635.83704452686,413.2001707205781,404.0385912528989,86.5285956310844,0.6925623507609527,0.005126846764794557,0.21097240359544725,0.7853981633974483
3.0009999999997805,639.2131898749415,409.4159695863203,406.5992387638735,47.94262392636992,0.6918329050620038,0.0051289429181911985,0.1173693196721509,0.7853981633974483
3.0009999999997805,640.7280391617142,412.94029558946227,407.38471111734606,67.50840591621908,0.6921463009960115,0.0051280423358003365,0.16421936001121445,0.7853981633974483
3.0009999999997805,644.4100450771768,412.74455470490824,409.90492363187246,48.33240135666561,0.6918329050620038,0.0051289429181911985,0.1173693196721509,0.7853981633974483
